bridge_opportunity_bridge_type,bridge_opportunity_span_m,days_per_year_river_is_flooded,bridge_classification,flag_for_rejection,height_differential_between_banks,bridge_opportunity_project_code
Suspended Bridge,52.44,78.63,,Yes,0.97,1009317
Suspension Bridge,48.0,120.0,,,0.7,1007325
Suspension Bridge,50.0,60.0,Standard,,1.0,1007374
Suspension Bridge,68.0,60.0,Standard,No,1.1,1007466
Suspension Bridge,78.0,35.0,Standard,No,1.1,1007495
Suspension Bridge,118.0,365.0,Outside of current engineering scope,Yes,0.97,1007507
Suspended Bridge,48.0,24.0,Standard,,0.4,1007525
Suspended Bridge,37.0,120.0,Standard,,0.97,1007530
Suspended Bridge,58.0,40.0,,No,0.97,1007535
Suspended Bridge,63.0,180.0,,No,0.97,1007539
Suspension Bridge,85.0,121.0,Standard,No,0.97,1007544
Suspension Bridge,96.0,120.0,Standard,No,0.97,1007563
Suspended Bridge,82.0,60.0,Standard,No,0.1,1007572
Suspension Bridge,35.0,35.0,Standard,No,0.3,1007580
Suspended Bridge,44.0,60.0,Standard,No,0.1,1007590
Suspended Bridge,31.0,78.63,Standard,,1.2,1007609
Suspension Bridge,36.0,90.0,,,0.97,1009064
Suspended Bridge,61.5,30.0,,,0.97,1009067
Suspension Bridge,46.0,45.0,,,0.97,1009068
Suspended Bridge,45.0,40.0,,No,0.97,1009311
Suspension Bridge,49.0,30.0,Requires additional engineering,No,0.1,1009445
Suspended Bridge,58.0,120.0,Requires additional engineering,No,0.97,1010941
Suspended Bridge,58.0,365.0,Standard,No,0.97,1011307
Suspended Bridge,78.0,365.0,Standard,No,0.97,1011309
Suspended Bridge,63.0,120.0,Standard,,0.2,1012457
Suspended Bridge,87.0,330.0,Standard,,0.7,1012480
Suspended Bridge,72.3,78.63,,,1.5,1012501
Suspended Bridge,50.0,34.0,Standard,,0.97,1012813
Suspended Bridge,68.0,60.0,Standard,,1.1,1012817
Suspension Bridge,42.0,70.0,Standard,No,0.97,1012953
Suspension Bridge,56.0,365.0,Standard,No,0.97,1012986
Suspended Bridge,55.0,60.0,Standard,No,4.3,1012997
Suspension Bridge,46.0,150.0,Standard,No,1.3,1013218
Suspension Bridge,33.0,70.0,Standard,No,0.97,1013351
Suspension Bridge,86.0,70.0,Standard,No,0.97,1013353
Suspended Bridge,53.0,82.0,Standard,No,0.97,1013457
Suspended Bridge,33.0,60.0,Standard,No,0.97,1013541
Suspended Bridge,45.0,28.0,Standard,No,0.97,1013641
Suspended Bridge,27.0,48.0,Standard,No,0.97,1013652
Suspended Bridge,40.0,28.0,Standard,No,0.97,1013658
Suspension Bridge,49.0,365.0,Standard,No,0.97,1013662
Suspension Bridge,33.7,78.63,Standard,No,0.97,1017673
Suspension Bridge,44.0,78.63,,,0.97,RW104
Suspended Bridge,79.0,90.0,,,0.3,RW127
Suspension Bridge,115.5,36.0,Standard,,0.97,1007342
Suspended Bridge,32.0,30.0,Standard,,0.97,1007347
Suspension Bridge,57.0,365.0,Standard,No,0.97,1013678
Suspended Bridge,55.0,78.63,Standard,No,0.4,1015693
Suspended Bridge,50.0,21.0,Standard,,0.97,1007340
,45.0,90.0,Standard,No,1.5,1007387
Suspended Bridge,72.0,140.0,Standard,No,1.7,1007391
Suspension Bridge,60.0,365.0,Standard,,0.97,1007412
,23.0,1.0,Standard,,0.97,1007423
,19.0,2.0,Standard,,0.97,1007424
,20.0,7.0,Standard,,0.97,1007426
Suspended Bridge,35.0,8.0,Standard,,0.97,1007439
Suspended Bridge,58.0,6.0,Standard,,0.97,1007444
,9.0,14.0,Standard,,0.97,1007453
,55.0,154.0,Standard,No,0.97,1007455
,40.0,365.0,Standard,No,0.97,1007458
Suspended Bridge,70.0,15.0,Standard,,0.5,1007463
Suspension Bridge,40.0,30.0,Standard,No,0.9,1007465
,58.0,120.0,Standard,No,5.7,1007469
,25.0,70.0,Standard,No,2.7,1007471
,19.0,60.0,Outside of current engineering scope,No,0.0,1007472
,83.0,70.0,Standard,No,0.7,1007473
Suspended Bridge,60.0,10.0,Standard,,4.9,1007477
,17.0,60.0,Standard,No,1.0,1007491
,15.0,60.0,Standard,No,0.7,1007497
,10.0,30.0,Standard,No,3.3,1007499
,20.0,60.0,Standard,No,0.3,1007508
,9.0,120.0,Standard,No,0.3,1007515
,19.0,90.0,Standard,,0.4,1007522
Suspension Bridge,133.0,90.0,Standard,,0.2,1007528
,18.0,180.0,Standard,No,0.97,1007538
,40.0,40.0,Standard,No,2.1,1007548
,40.0,120.0,Standard,No,0.97,1007556
,10.0,90.0,Standard,No,0.97,1007557
,25.0,35.0,Standard,No,0.2,1007562
,10.0,120.0,Standard,No,0.97,1007570
,19.0,50.0,Standard,No,1.3,1007582
Suspended Bridge,80.0,65.0,Standard,No,4.0,1007593
,40.0,150.0,Standard,No,0.97,1007599
Suspended Bridge,62.0,18.0,Standard,,0.97,1007600
,20.0,36.0,Standard,,0.97,1007604
Suspension Bridge,52.0,8.0,Standard,,0.97,1007617
,14.0,21.0,Standard,,0.97,1007620
,65.0,16.0,Standard,,0.97,1007629
,85.0,28.0,Standard,,0.97,1007630
Suspended Bridge,50.0,28.0,Standard,,0.97,1007635
,18.0,35.0,Standard,No,1.4,1007636
,17.0,28.0,Standard,,0.97,1007637
Suspension Bridge,35.0,14.0,Standard,,0.97,1007642
Suspended Bridge,50.0,41.0,Standard,,0.97,1007647
Suspended Bridge,75.0,4.0,Standard,,0.97,1007649
,45.0,46.0,Standard,No,0.97,1007660
,19.0,365.0,Standard,No,0.97,1007670
Suspended Bridge,82.0,240.0,Standard,No,0.97,1007672
,23.0,15.0,Standard,,0.97,1007673
,16.0,36.0,Standard,,0.97,1007676
,48.0,365.0,Standard,No,0.97,1007898
Suspension Bridge,95.0,78.63,,No,0.97,1007899
Suspended Bridge,48.0,10.0,Standard,,1.59,1008002
,52.44,30.0,,,0.97,1009066
Suspension Bridge,52.44,365.0,Standard,No,0.2,1009280
Suspended Bridge,52.44,365.0,Standard,No,3.9,1009296
Suspended Bridge,52.44,50.0,Standard,No,0.1,1009313
Suspension Bridge,81.0,78.63,,Yes,0.97,1009426
Suspension Bridge,35.0,24.0,Standard,,0.97,1009714
Suspension Bridge,45.0,60.0,Standard,,1.0,1010422
Suspension Bridge,120.0,365.0,Standard,,0.6,1010427
Suspended Bridge,45.0,16.0,Standard,,0.97,1010917
Suspension Bridge,35.0,40.0,Requires additional engineering,No,0.97,1010919
,52.44,365.0,Standard,No,0.97,1011301
,19.0,365.0,Standard,No,0.97,1011310
Suspended Bridge,108.0,80.0,Standard,,0.97,1012004
Suspended Bridge,73.0,112.0,Standard,,0.97,1012433
,52.44,90.0,Standard,No,0.2,1012548
,52.44,60.0,Standard,,0.97,1012550
Suspension Bridge,95.0,8.0,Standard,,0.97,1012800
,52.44,3.0,Standard,,0.97,1012807
,52.44,10.0,Standard,,0.97,1012809
Suspended Bridge,44.0,15.0,Standard,,0.97,1012810
Suspension Bridge,42.0,36.0,Standard,,0.97,1012811
,52.44,30.0,Standard,,0.97,1012815
Suspended Bridge,84.0,30.0,Standard,,0.5,1012816
,52.44,25.0,Standard,,4.5,1012820
Suspended Bridge,66.0,120.0,Standard,No,0.97,1012823
Suspended Bridge,50.0,60.0,Standard,,0.2,1012830
Suspended Bridge,40.0,60.0,Standard,,0.4,1012831
,52.44,20.0,Standard,No,0.97,1012947
,52.44,60.0,Standard,No,3.2,1012948
Suspension Bridge,58.0,70.0,Standard,No,0.97,1012952
Suspended Bridge,46.0,48.0,Standard,No,0.97,1012956
,52.44,25.0,Standard,No,0.0,1012980
,52.44,20.0,Standard,No,1.5,1012983
,52.44,90.0,Standard,No,0.3,1012984
Suspended Bridge,50.0,60.0,Standard,No,0.4,1013011
,52.44,90.0,Standard,No,0.97,1013025
Suspended Bridge,67.0,44.0,Standard,No,0.97,1013029
,52.44,45.0,Standard,No,0.9,1013214
,52.44,48.0,Standard,No,3.1,1013220
,52.44,84.0,Standard,No,0.97,1013222
Suspended Bridge,43.0,90.0,Standard,No,0.0,1013225
Suspension Bridge,62.0,150.0,Standard,No,0.0,1013226
,52.44,40.0,Standard,No,0.1,1013231
Suspended Bridge,66.0,60.0,Standard,No,0.97,1013233
Suspended Bridge,57.0,90.0,Standard,No,0.97,1013256
Suspended Bridge,80.0,21.0,Standard,No,0.97,1013263
,52.44,120.0,Standard,No,0.2,1013273
Suspension Bridge,69.0,90.0,Standard,No,0.8,1013275
,52.44,25.0,Standard,No,0.9,1013281
,52.44,70.0,Requires additional engineering,No,0.1,1013289
,52.44,88.0,Standard,No,0.97,1013349
,52.44,90.0,Standard,No,0.97,1013350
,52.44,120.0,Standard,No,0.97,1013364
,52.44,60.0,Standard,No,0.97,1013374
Suspension Bridge,42.0,44.0,Standard,No,0.97,1013377
,52.44,60.0,Standard,No,0.97,1013378
,52.44,90.0,Standard,No,0.97,1013392
Suspended Bridge,70.0,50.0,Standard,No,1.7,1013422
Suspension Bridge,81.0,78.0,Standard,No,0.97,1013451
,52.44,75.0,Standard,No,0.97,1013452
,52.44,75.0,Standard,No,0.97,1013455
,52.44,90.0,Standard,No,0.97,1013461
Suspended Bridge,55.0,25.0,Standard,No,0.1,1013465
,52.44,60.0,Standard,No,1.0,1013476
,52.44,60.0,Standard,No,0.3,1013477
,52.44,45.0,Standard,No,0.97,1013479
,52.44,35.0,Standard,No,0.97,1013491
,52.44,75.0,Standard,No,0.97,1013496
,52.44,90.0,Standard,No,0.97,1013539
,52.44,115.0,Standard,No,0.97,1013542
,52.44,80.0,Standard,No,0.97,1013547
,52.44,86.0,Standard,No,0.97,1013555
,52.44,60.0,Standard,No,1.9,1013561
,52.44,100.0,Standard,No,0.6,1013576
,52.44,270.0,Standard,No,0.3,1013583
Suspended Bridge,64.0,28.0,Standard,No,0.97,1013626
,52.44,365.0,Standard,No,0.97,1013628
,52.44,365.0,Standard,No,0.97,1013632
Suspended Bridge,48.0,28.0,Standard,No,0.97,1013639
,52.44,28.0,Standard,No,0.97,1013642
,52.44,28.0,Standard,No,0.97,1013645
,52.44,28.0,Standard,No,0.97,1013646
,52.44,20.0,Standard,No,0.97,1013647
,52.44,28.0,Standard,No,0.97,1013648
,52.44,365.0,Standard,No,0.97,1013654
,52.44,365.0,Standard,No,0.97,1013661
Suspended Bridge,64.0,365.0,Standard,No,0.97,1013663
,52.44,36.0,Standard,No,0.97,1013668
,52.44,26.0,Standard,No,0.97,1013670
,52.44,46.0,Standard,No,0.97,1013672
,52.44,36.0,Standard,No,0.97,1013673
,52.44,365.0,Standard,No,0.97,1013680
,52.44,40.0,Standard,No,0.97,1013683
,52.44,36.0,Standard,No,0.97,1013687
,52.44,20.0,Standard,No,4.5,1013717
Suspended Bridge,55.0,148.0,Standard,No,0.97,1013718
Suspension Bridge,37.0,79.0,Standard,No,0.97,1013719
Suspended Bridge,65.0,45.0,Standard,No,3.3,1013721
Suspended Bridge,108.0,120.0,Standard,No,0.97,1013736
,52.44,120.0,Standard,No,0.97,1013737
Suspended Bridge,48.0,150.0,Standard,No,0.97,1013747
,52.44,120.0,Standard,No,0.97,1013761
Suspended Bridge,40.0,90.0,Standard,No,0.97,1013762
,52.44,133.0,Standard,No,0.97,1013773
,52.44,111.0,Standard,No,0.97,1013774
,52.44,81.0,Standard,No,0.97,1013776
,52.44,65.0,Standard,No,0.97,1013786
Suspended Bridge,100.0,365.0,Standard,No,0.97,1013792
Suspended Bridge,102.0,365.0,Standard,No,0.8,1013805
Suspended Bridge,88.0,365.0,Standard,No,1.6,1013806
,52.44,210.0,Standard,No,0.97,1013873
,52.44,45.0,Standard,No,1.5,1013886
,52.44,120.0,Standard,No,5.5,1013892
,52.44,60.0,Standard,No,1.5,1013898
Suspension Bridge,42.0,365.0,Standard,No,0.97,1014006
Suspended Bridge,78.0,365.0,Standard,No,1.5,1014011
,52.44,48.0,Standard,No,2.3,1014027
,52.44,140.0,Standard,No,1.3,1014038
Suspended Bridge,62.0,45.0,Standard,No,2.5,1014039
Suspended Bridge,115.0,182.0,Standard,No,0.97,1014054
,52.44,140.0,Standard,No,0.5,1014059
Suspended Bridge,130.0,365.0,Standard,No,0.97,1014061
,52.44,365.0,Standard,No,0.97,1014063
,52.44,98.0,Standard,No,0.97,1014064
,52.44,365.0,Standard,No,0.97,1014065
,52.44,81.0,Standard,No,0.97,1014066
Suspended Bridge,70.0,189.0,Standard,No,0.97,1014067
Suspended Bridge,100.0,270.0,Standard,No,0.97,1014068
,52.44,231.0,Standard,No,0.97,1014072
,52.44,118.0,Standard,No,0.97,1014076
Suspended Bridge,50.0,50.0,Standard,No,0.2,1014083
,52.44,365.0,Standard,No,0.97,1014091
,52.44,365.0,Standard,No,0.97,1014094
,52.44,36.0,Standard,No,0.97,1014095
,52.44,36.0,Standard,No,0.97,1014099
,52.44,365.0,Standard,No,1.4,1014104
,52.44,120.0,Standard,No,0.97,1014119
Suspension Bridge,55.0,150.0,Standard,No,0.97,1014129
,52.44,60.0,Standard,No,0.97,1014134
Simple Span Bridge,15.0,43.0,Standard,No,0.97,1014138
,52.44,90.0,Standard,No,0.97,1014149
Suspended Bridge,94.0,120.0,Standard,No,0.97,1014150
,52.44,110.0,Standard,No,0.97,1014152
,52.44,78.63,Standard,No,0.97,1014158
,52.44,365.0,Standard,No,0.2,1014250
Suspended Bridge,44.0,89.0,Standard,No,0.97,1014283
,52.44,365.0,Standard,No,0.97,1014290
,52.44,46.0,Standard,No,0.97,1014292
Suspended Bridge,60.0,365.0,Standard,No,0.97,1014293
,52.44,365.0,Standard,No,0.7,1014310
,52.44,70.0,Standard,No,0.2,1014312
,52.44,365.0,Standard,No,2.5,1014318
Suspended Bridge,54.0,60.0,Standard,No,1.1,1014322
,52.44,365.0,Standard,No,1.1,1014330
Suspended Bridge,68.0,70.0,Standard,No,2.1,1014335
,52.44,140.0,Standard,No,0.5,1014374
,52.44,105.0,Standard,No,0.5,1014375
,52.44,45.0,Standard,No,0.0,1014376
,52.44,120.0,Standard,No,0.97,1014406
,52.44,365.0,Standard,No,0.97,1014554
,52.44,365.0,Standard,No,0.97,1014555
,52.44,365.0,Standard,No,0.97,1014556
Suspension Bridge,52.44,78.63,,,0.97,1021789
,52.44,78.63,,No,0.97,1021923
,52.44,78.63,,No,0.97,1022230
,52.44,78.63,,No,0.97,1022231
Suspension Bridge,77.0,78.63,,No,0.97,1022387
Suspension Bridge,99.0,78.63,,No,0.97,1022388
,52.44,78.63,Requires additional engineering,No,0.97,1023609
,17.0,60.0,Standard,No,0.2,1007380
Suspended Bridge,92.0,1.0,Standard,,0.97,1007425
Suspension Bridge,110.0,20.0,Standard,,0.97,1007651
Suspended Bridge,92.0,56.0,Standard,No,0.4,1013215
,52.44,90.0,Standard,No,0.6,1013339
Suspended Bridge,110.0,85.0,Standard,No,0.97,1013459
Suspended Bridge,42.0,78.0,Standard,No,0.97,1013460
Suspended Bridge,34.0,50.0,Standard,No,2.3,1013568
Suspended Bridge,64.0,12.0,Standard,No,0.7,1013692
Other,82.0,76.0,Standard,No,0.97,1013777
Suspended Bridge,58.0,158.0,Standard,No,0.97,1013867
Suspended Bridge,92.0,120.0,Standard,No,0.9,1013894
Suspension Bridge,92.0,60.0,Standard,No,0.1,1013895
Suspended Bridge,45.0,30.0,Standard,No,1.3,1013899
Suspension Bridge,48.0,154.0,Standard,No,0.97,1014052
Suspended Bridge,132.0,120.0,Standard,No,0.97,1014269
,70.0,30.0,Standard,No,0.97,1022905
,52.44,90.0,,No,0.97,1024587
,140.0,360.0,,,0.97,1007327
,100.0,360.0,Outside of current engineering scope,,0.97,1007328
,90.0,360.0,Outside of current engineering scope,,0.97,1007329
,135.0,360.0,Outside of current engineering scope,,0.97,1007330
,100.0,120.0,Outside of current engineering scope,,0.97,1007331
,29.0,196.0,Standard,No,0.97,1007332
,6.0,60.0,Standard,Yes,0.97,1007334
,6.0,0.0,Standard,Yes,0.97,1007335
,460.0,126.0,Outside of current engineering scope,Yes,0.97,1007336
,15.0,36.0,Standard,,0.97,1007338
,18.0,0.0,Standard,,0.97,1007339
,18.0,28.0,Standard,,0.97,1007343
,25.0,3.0,Standard,,0.97,1007344
,25.0,12.0,Standard,,0.97,1007345
,8.0,6.0,Standard,,0.97,1007348
,4.0,8.0,Standard,,0.97,1007349
,10.0,0.0,Standard,,0.97,1007350
,15.0,31.0,Standard,,0.97,1007352
,25.0,28.0,Standard,,0.97,1007354
Suspension Bridge,32.0,36.0,Standard,,0.97,1007356
Suspension Bridge,70.0,36.0,Standard,,0.97,1007357
,25.0,8.0,Standard,,0.97,1007360
,15.0,16.0,Standard,,0.97,1007364
,10.0,0.0,Standard,,0.97,1007366
,7.0,60.0,Standard,,5.6,1007368
Suspension Bridge,35.0,16.0,Standard,,0.97,1007370
,10.0,30.0,Requires additional engineering,,0.97,1007372
,8.0,78.63,,Yes,0.97,1007376
,16.0,0.0,Standard,No,0.0,1007377
,19.0,28.0,Standard,No,0.6,1007378
,7.0,30.0,Standard,Yes,0.0,1007379
,10.0,120.0,Standard,No,0.8,1007381
,45.0,120.0,Standard,,0.97,1007383
Suspended Bridge,77.4,120.0,Standard,,0.1,1007384
,9.0,205.0,Standard,No,0.97,1007388
,17.0,39.0,Standard,No,0.7,1007389
,13.0,220.0,Standard,No,0.97,1007390
,7.0,75.0,Standard,No,0.97,1007392
,15.0,96.0,Standard,No,0.97,1007393
,12.0,78.63,Standard,No,0.97,1007394
,45.0,96.0,Standard,Yes,0.97,1007395
,10.0,64.0,Standard,No,0.97,1007396
,12.0,51.0,Standard,No,0.97,1007397
,12.0,0.0,Standard,,0.97,1007398
,12.0,65.0,Standard,No,0.97,1007399
,11.0,78.63,,Yes,0.97,1007401
,10.0,0.0,Standard,,0.97,1007402
,10.0,78.63,,Yes,0.97,1007403
,160.0,60.0,Standard,,0.97,1007404
,90.0,78.63,,Yes,0.97,1007409
,18.0,78.63,,Yes,0.97,1007410
,700.0,78.63,,Yes,0.97,1007414
,600.0,78.63,,Yes,0.97,1007415
,600.0,78.63,,Yes,0.97,1007416
,250.0,365.0,Standard,No,0.97,1007417
,16.0,78.63,Standard,Yes,0.97,1007419
,14.0,88.0,Standard,No,0.97,1007420
,11.0,0.0,Standard,,0.97,1007422
,15.0,2.0,Standard,,0.97,1007427
,22.0,78.63,,Yes,0.97,1007428
,8.0,102.0,Requires additional engineering,No,0.97,1007429
,11.0,2.0,Standard,,0.97,1007430
,6.0,78.63,,Yes,0.97,1007431
,6.0,0.0,Standard,,0.97,1007432
,7.0,78.63,Standard,Yes,0.97,1007433
,16.0,78.63,,Yes,0.97,1007437
,14.0,6.0,Standard,,0.97,1007441
,12.0,78.63,,Yes,0.97,1007442
,16.0,6.0,Standard,,0.97,1007449
,11.0,12.0,Standard,,0.97,1007450
,8.0,21.0,Standard,,0.97,1007451
,14.0,37.0,Standard,No,0.97,1007452
,50.0,120.0,Standard,No,0.97,1007454
,20.0,210.0,Standard,Yes,0.0,1007457
,25.0,0.0,,Yes,0.97,1007459
,35.0,0.0,,Yes,0.97,1007460
,11.0,25.0,Requires additional engineering,,0.7,1007464
,12.0,78.63,,,0.97,1007467
,12.0,78.63,,Yes,0.97,1007468
,18.0,78.63,,Yes,0.97,1007474
,10.0,78.63,,,0.97,1007476
,15.0,20.0,Standard,,0.2,1007479
,10.0,10.0,Standard,,1.6,1007480
,55.0,210.0,Standard,No,2.4,1007482
,27.0,78.63,,Yes,0.97,1007483
,40.0,60.0,Standard,No,1.5,1007484
,45.0,60.0,Standard,No,1.7,1007485
,19.0,23.0,Standard,,2.6,1007486
,13.0,20.0,Standard,,1.5,1007487
,11.0,9.0,Standard,,1.9,1007488
,22.0,78.63,Standard,No,3.9,1007489
,18.0,78.63,,Yes,0.97,1007490
,16.0,78.63,,,0.97,1007492
,11.0,10.0,Standard,,0.3,1007493
,12.0,150.0,Standard,,1.0,1007496
,30.0,78.63,,Yes,0.97,1007498
,10.0,20.0,Standard,No,0.1,1007500
,4.0,78.63,,,0.97,1007502
,4.0,78.63,,Yes,0.97,1007503
,50.0,78.63,Outside of current engineering scope,Yes,0.97,1007505
,18.0,60.0,Standard,No,4.9,1007509
,13.0,78.63,Standard,Yes,0.3,1007517
,20.0,35.0,Standard,No,1.7,1007518
,10.0,90.0,Standard,No,0.5,1007520
,10.0,90.0,Standard,No,2.3,1007521
,16.0,21.0,Standard,,0.9,1007523
,22.0,21.0,Standard,,0.4,1007527
,380.0,360.0,Outside of current engineering scope,Yes,0.97,1007531
,22.0,60.0,Standard,No,0.0,1007532
,23.0,78.63,,Yes,0.97,1007534
,10.0,90.0,Standard,No,0.97,1007536
,18.0,24.0,Standard,No,1.7,1007537
Suspension Bridge,81.0,120.0,Standard,No,0.3,1007540
,30.0,80.0,Standard,No,1.3,1007541
,17.0,20.0,Standard,No,1.0,1007542
,41.0,38.0,Standard,No,1.1,1007543
,10.0,90.0,Standard,No,0.97,1007545
,12.0,78.63,,Yes,0.97,1007546
,20.0,38.0,Standard,No,0.3,1007547
,20.0,90.0,Standard,No,0.97,1007549
,10.0,90.0,Standard,No,0.97,1007550
,30.0,80.0,Standard,No,0.8,1007551
,30.0,120.0,Standard,No,0.0,1007552
,30.0,120.0,Standard,No,0.3,1007553
,30.0,120.0,Standard,No,0.3,1007554
,15.0,78.63,Standard,No,2.1,1007555
,30.0,78.63,,Yes,0.97,1007558
,15.0,120.0,Standard,No,0.97,1007559
,10.0,78.63,,Yes,0.97,1007560
,48.0,78.63,,Yes,0.97,1007561
,20.0,78.63,,Yes,0.97,1007564
,25.0,78.63,,Yes,0.97,1007565
,10.0,90.0,Standard,No,0.97,1007566
,10.0,78.63,,Yes,0.97,1007568
,12.0,70.0,Standard,No,0.97,1007571
,15.0,120.0,Standard,No,0.97,1007573
,8.0,90.0,Standard,No,0.97,1007574
,8.0,78.63,,Yes,0.97,1007575
,14.0,78.63,,Yes,0.97,1007577
,17.0,78.63,,Yes,0.97,1007578
,40.0,50.0,Standard,Yes,0.5,1007579
,18.0,150.0,Standard,No,0.2,1007583
,18.0,40.0,Standard,No,0.0,1007584
,16.0,90.0,Standard,No,0.97,1007589
,8.0,78.63,,Yes,0.97,1007591
,8.0,45.0,Standard,No,1.1,1007592
,17.0,78.63,,Yes,0.97,1007594
,8.0,78.63,,Yes,0.97,1007595
,11.0,78.63,,Yes,0.97,1007597
,22.0,78.63,,Yes,0.97,1007598
,13.0,365.0,Standard,No,0.97,1007601
,19.0,36.0,Standard,,0.97,1007603
,10.0,40.0,Standard,,0.97,1007605
,22.0,365.0,Standard,No,0.2,1007606
Suspension Bridge,50.0,30.0,Standard,,0.4,1007607
Suspended Bridge,40.0,14.0,Standard,,2.2,1007612
,65.0,67.0,Standard,No,0.97,1007615
,55.0,78.63,,Yes,0.97,1007621
,86.0,0.0,,Yes,0.97,1007622
,23.0,78.63,,Yes,0.97,1007625
,40.0,4.0,Standard,,0.97,1007626
,28.0,0.0,,Yes,0.97,1007628
Suspension Bridge,50.0,12.0,Standard,,0.97,1007631
,25.0,78.63,,Yes,0.97,1007632
,45.0,6.0,Standard,,0.97,1007633
,70.0,2.0,Standard,,0.4,1007634
,80.0,78.63,,Yes,0.97,1007638
Suspension Bridge,50.0,78.63,,Yes,0.97,1007643
Suspension Bridge,35.0,5.0,Standard,,0.97,1007645
,30.0,94.0,Standard,No,0.97,1007652
,32.0,132.0,Standard,No,0.97,1007653
,14.0,120.0,Standard,No,0.97,1007654
,40.0,46.0,Standard,No,0.97,1007657
,150.0,78.63,,Yes,0.97,1007658
,850.0,78.63,,Yes,0.97,1007659
,25.0,365.0,Standard,Yes,0.1,1007661
,8.0,36.0,Standard,No,0.97,1007662
,8.0,0.0,Standard,No,0.9,1007663
,24.0,365.0,Standard,No,0.97,1007664
,22.0,365.0,Standard,No,0.97,1007665
,16.0,365.0,Standard,No,0.97,1007666
,10.0,28.0,Standard,No,0.97,1007674
,10.0,365.0,Standard,No,0.97,1007678
,13.0,36.0,Standard,,0.97,1007679
,400.0,120.0,Outside of current engineering scope,Yes,0.97,1007680
Suspended Bridge,103.0,365.0,Standard,No,0.97,1007897
,52.44,45.0,,,0.97,1009069
,52.44,90.0,,,0.97,1009071
Suspended Bridge,52.44,365.0,Standard,No,1.7,1009329
,52.44,18.0,Requires additional engineering,,0.97,1009553
,52.44,0.0,,Yes,0.97,1009554
,52.44,38.0,Standard,,0.97,1009702
Suspension Bridge,35.0,30.0,Standard,,0.97,1009703
,52.44,30.0,Standard,,0.97,1009704
,52.44,0.0,Requires additional engineering,No,0.97,1009705
Suspension Bridge,35.0,12.0,Standard,,0.97,1009706
,52.44,32.0,Standard,,0.97,1009707
,52.44,48.0,Standard,,0.97,1009710
Suspension Bridge,35.0,28.0,Standard,,0.97,1009711
,52.44,24.0,Standard,,0.97,1009712
,52.44,36.0,Standard,,0.97,1009713
Suspension Bridge,35.0,0.0,Standard,,0.97,1009715
,52.44,14.0,Standard,,0.97,1009716
,52.44,78.63,,Yes,0.97,1009857
Suspension Bridge,52.44,78.63,,Yes,0.97,1010404
Suspension Bridge,52.44,78.63,,Yes,0.97,1010405
,52.44,78.63,,Yes,0.97,1010406
,52.44,14.0,Standard,No,0.8,1010409
Suspension Bridge,60.0,78.63,,Yes,0.97,1010410
Suspension Bridge,35.0,5.0,Standard,,0.8,1010411
,52.44,21.0,Standard,,0.8,1010423
,52.44,78.63,,Yes,0.97,1010425
,52.44,78.63,,Yes,0.97,1010426
,52.44,365.0,Standard,No,1.8,1010428
Suspension Bridge,40.0,16.0,Requires additional engineering,,0.97,1010572
,52.44,15.0,Requires additional engineering,,0.97,1010573
,52.44,90.0,,,0.0,1010574
,52.44,78.63,,,0.97,1010575
,52.44,78.63,,,0.2,1010576
,52.44,16.0,Standard,,0.97,1010577
Suspension Bridge,35.0,60.0,Standard,No,0.97,1010578
Suspension Bridge,40.0,60.0,Requires additional engineering,No,0.97,1010579
,52.44,78.63,,,0.97,1010580
Suspension Bridge,35.0,48.0,Requires additional engineering,,0.97,1010581
,52.44,78.63,,,0.97,1010583
,52.44,45.0,,,0.97,1010839
,52.44,0.0,,Yes,0.97,1010840
,52.44,90.0,,,0.97,1010842
Suspended Bridge,35.0,30.0,Requires additional engineering,No,0.97,1010843
,52.44,30.0,,,0.97,1010844
,52.44,0.0,Standard,,0.97,1010845
,52.44,78.63,,Yes,0.97,1010846
Suspension Bridge,38.0,78.63,,Yes,0.97,1010847
,52.44,40.0,Requires additional engineering,,0.97,1010849
Suspension Bridge,35.0,10.0,Standard,,0.97,1010908
Suspension Bridge,45.0,50.0,Standard,,0.97,1010915
,52.44,78.63,,Yes,0.97,1011302
,52.44,60.0,Standard,,0.97,1011303
,52.44,78.63,,Yes,0.97,1011304
,52.44,28.0,Standard,No,0.97,1011305
,52.44,28.0,Standard,No,0.97,1011306
Suspended Bridge,40.0,180.0,Standard,,0.97,1011308
,52.44,180.0,,,0.97,1011311
,52.44,78.63,,Yes,0.97,1011313
,52.44,150.0,,,0.97,1011314
,52.44,78.63,,Yes,0.97,1011316
Suspension Bridge,45.0,27.0,Requires additional engineering,,0.97,1011330
Suspension Bridge,35.0,36.0,Standard,,0.97,1011331
Suspension Bridge,45.0,30.0,Standard,,1.4,1012380
,52.44,78.63,,Yes,0.97,1012493
,52.44,8.0,Standard,,0.97,1012540
,52.44,1.0,Standard,,0.97,1012543
,52.44,4.0,Standard,,0.97,1012544
,52.44,1.0,Standard,,0.97,1012545
,52.44,1.0,Standard,,0.97,1012546
,52.44,21.0,Standard,,0.2,1012547
,52.44,90.0,Standard,,0.97,1012549
,52.44,15.0,Standard,,0.5,1012696
,52.44,15.0,Standard,,0.0,1012697
,52.44,60.0,Standard,,0.97,1012698
,52.44,14.0,Standard,,0.4,1012699
,52.44,14.0,Standard,,3.4,1012700
,52.44,21.0,Standard,,0.4,1012701
,52.44,6.0,Standard,,0.97,1012797
,52.44,7.0,Standard,,0.97,1012798
,52.44,21.0,Standard,,0.97,1012799
,52.44,70.0,Standard,,0.0,1012801
,52.44,60.0,Standard,,2.0,1012802
,52.44,20.0,Standard,,0.5,1012803
,52.44,4.0,Standard,,0.97,1012804
,52.44,6.0,Standard,,0.3,1012805
,52.44,30.0,Standard,,0.7,1012806
,52.44,0.0,Standard,,0.97,1012808
,52.44,28.0,Standard,,0.97,1012812
,52.44,25.0,Standard,,0.97,1012814
,52.44,10.0,Standard,,0.5,1012818
,52.44,15.0,Standard,,5.8,1012819
,52.44,30.0,Standard,,0.2,1012832
,52.44,0.0,Standard,,0.2,1012833
,52.44,60.0,Standard,,0.4,1012834
,52.44,25.0,Standard,No,0.97,1012949
,52.44,365.0,Standard,No,0.97,1012954
,52.44,365.0,Standard,No,0.97,1012955
,52.44,60.0,Standard,No,0.97,1012957
,52.44,60.0,Standard,No,0.97,1012958
,52.44,36.0,Standard,,0.97,1012972
,52.44,36.0,Standard,,0.97,1012973
,52.44,36.0,Standard,,0.97,1012974
,52.44,63.0,Standard,,0.97,1012975
,52.44,63.0,Standard,,0.97,1012976
,52.44,63.0,Standard,,0.97,1012977
,52.44,15.0,Standard,No,2.7,1012978
,52.44,0.0,Standard,Yes,0.7,1012979
,52.44,15.0,Standard,No,0.5,1012981
,52.44,10.0,Standard,No,1.0,1012982
,52.44,15.0,Standard,No,3.3,1012985
,52.44,60.0,Standard,No,0.97,1012987
,52.44,32.0,Standard,No,0.97,1012988
,52.44,28.0,Standard,No,0.97,1012989
,52.44,365.0,Standard,No,0.97,1012990
,52.44,15.0,Standard,Yes,0.97,1012991
,52.44,12.0,Standard,No,1.4,1012992
,52.44,120.0,Standard,No,0.7,1012993
,52.44,20.0,Standard,No,1.0,1012994
,52.44,20.0,Standard,No,1.7,1012995
,52.44,20.0,Standard,No,1.0,1012996
,52.44,28.0,Standard,No,2.4,1012998
,52.44,40.0,Standard,No,0.7,1012999
,52.44,24.0,Standard,No,1.0,1013000
,52.44,50.0,Standard,No,2.6,1013001
,52.44,60.0,Standard,No,0.0,1013002
,52.44,7.0,Standard,No,0.2,1013003
,52.44,7.0,Standard,No,0.8,1013004
,52.44,60.0,Standard,No,0.4,1013005
,52.44,0.0,Standard,No,1.0,1013006
,52.44,0.0,Standard,No,0.8,1013007
,52.44,40.0,Standard,No,0.2,1013008
,52.44,0.0,Standard,No,0.8,1013009
,52.44,7.0,Standard,No,0.2,1013010
,52.44,30.0,Standard,No,0.0,1013012
,52.44,7.0,Standard,No,0.4,1013013
,52.44,0.0,Standard,No,0.4,1013014
,52.44,90.0,Standard,No,0.2,1013015
,52.44,30.0,Standard,No,0.97,1013018
,52.44,67.0,Standard,No,0.97,1013019
,52.44,90.0,Standard,No,0.97,1013020
,52.44,78.63,Standard,Yes,0.97,1013021
,52.44,60.0,Standard,No,0.97,1013022
,52.44,60.0,Standard,No,0.97,1013023
,52.44,60.0,Standard,No,0.97,1013024
,52.44,45.0,Standard,No,0.97,1013026
,52.44,37.0,Standard,No,0.97,1013027
,52.44,37.0,Standard,No,0.97,1013028
,52.44,26.0,Standard,No,0.3,1013216
,52.44,56.0,Standard,No,0.7,1013217
,52.44,50.0,Standard,No,2.1,1013219
,52.44,50.0,Standard,No,2.9,1013221
,52.44,36.0,Standard,No,0.97,1013223
,52.44,40.0,Standard,No,1.3,1013224
,52.44,36.0,Standard,No,0.97,1013227
,52.44,32.0,Standard,No,0.97,1013228
,52.44,40.0,Outside of current engineering scope,Yes,0.97,1013229
,52.44,20.0,Standard,No,0.97,1013230
,52.44,28.0,Standard,No,0.97,1013232
,52.44,60.0,Standard,No,0.97,1013234
,52.44,120.0,Standard,No,0.97,1013235
,52.44,78.0,Standard,No,0.97,1013236
,52.44,66.0,Standard,No,0.97,1013237
,52.44,66.0,Requires additional engineering,No,0.97,1013238
,52.44,84.0,Requires additional engineering,No,0.97,1013239
,52.44,78.0,Standard,No,0.97,1013240
,52.44,84.0,Standard,No,0.97,1013241
,52.44,84.0,Standard,No,0.97,1013242
,52.44,0.0,Standard,Yes,0.97,1013243
,52.44,0.0,Standard,Yes,0.97,1013244
,52.44,0.0,Standard,Yes,0.97,1013245
,52.44,60.0,Requires additional engineering,No,0.97,1013246
,52.44,52.0,Standard,No,0.97,1013247
,52.44,51.0,Standard,No,0.97,1013248
,52.44,70.0,Standard,No,0.97,1013249
,52.44,45.0,Standard,No,0.97,1013250
,52.44,37.0,Standard,No,0.97,1013251
,52.44,35.0,Standard,No,0.97,1013252
,52.44,33.0,Standard,No,0.97,1013253
,52.44,53.0,Standard,No,0.97,1013254
,52.44,365.0,Standard,No,0.97,1013255
,52.44,40.0,Standard,No,0.97,1013257
,52.44,80.0,Standard,No,0.97,1013258
,52.44,55.0,Standard,No,0.97,1013259
,52.44,45.0,Standard,No,0.97,1013260
,52.44,38.0,Standard,No,0.97,1013261
,52.44,25.0,Standard,No,0.97,1013262
,52.44,14.0,Standard,No,0.0,1013268
,52.44,30.0,Standard,No,0.2,1013269
,52.44,0.0,Standard,No,0.0,1013270
,52.44,0.0,Standard,No,0.6,1013271
,52.44,0.0,Standard,No,0.4,1013272
,52.44,30.0,Standard,No,1.2,1013274
,52.44,70.0,Standard,No,0.2,1013276
,52.44,60.0,Standard,No,0.2,1013277
,52.44,90.0,Standard,No,0.6,1013278
,52.44,60.0,Standard,No,0.2,1013279
,52.44,0.0,,Yes,0.97,1013280
,52.44,8.0,Standard,Yes,0.1,1013282
,52.44,10.0,Standard,No,3.9,1013283
,52.44,0.0,Standard,Yes,0.9,1013284
,52.44,10.0,Standard,No,0.7,1013285
,52.44,15.0,Standard,No,1.1,1013286
,52.44,25.0,Standard,No,1.4,1013287
,52.44,0.0,Standard,Yes,0.6,1013288
,52.44,25.0,Standard,No,1.3,1013290
,52.44,78.63,,Yes,0.97,1013293
,52.44,78.63,,Yes,0.97,1013294
,52.44,78.63,,Yes,0.97,1013295
,52.44,78.63,,Yes,0.97,1013296
,52.44,15.0,Standard,No,0.1,1013301
,52.44,10.0,Standard,No,0.3,1013305
,52.44,78.63,Standard,Yes,0.1,1013309
,52.44,10.0,Standard,No,0.3,1013311
,52.44,10.0,Standard,No,0.1,1013312
,52.44,15.0,Standard,No,7.3,1013313
,52.44,20.0,Standard,Yes,3.1,1013314
,52.44,20.0,Standard,No,0.1,1013315
,52.44,78.0,Standard,No,0.97,1013316
,52.44,72.0,Standard,No,0.97,1013317
,52.44,96.0,Standard,Yes,0.97,1013318
,52.44,52.0,Standard,No,0.97,1013319
,52.44,45.0,Standard,No,0.97,1013320
,52.44,96.0,Standard,No,0.97,1013321
,52.44,96.0,Standard,No,0.97,1013322
,52.44,96.0,Standard,No,0.97,1013323
,52.44,96.0,Standard,No,0.97,1013324
,52.44,50.0,Standard,No,0.97,1013325
,52.44,93.0,Standard,No,0.97,1013326
,52.44,93.0,Standard,No,0.97,1013327
,52.44,35.0,Standard,Yes,0.97,1013328
,52.44,0.0,Standard,Yes,0.97,1013329
,52.44,0.0,Standard,Yes,0.97,1013330
,52.44,60.0,Standard,No,0.2,1013331
,52.44,30.0,Standard,No,1.8,1013332
,52.44,0.0,Standard,No,1.2,1013333
,52.44,0.0,Standard,No,0.0,1013334
,52.44,0.0,Standard,No,0.0,1013335
,52.44,14.0,Standard,No,0.2,1013336
,52.44,14.0,Standard,No,0.2,1013337
,52.44,0.0,Standard,No,0.2,1013338
,52.44,7.0,Standard,No,0.2,1013340
,52.44,20.0,Standard,No,0.3,1013342
,52.44,30.0,Standard,No,0.7,1013343
,52.44,10.0,Standard,No,1.7,1013345
,52.44,60.0,Standard,No,0.97,1013363
,52.44,90.0,Standard,No,0.97,1013366
,52.44,30.0,Standard,No,0.97,1013367
,52.44,60.0,Standard,No,0.97,1013368
,52.44,120.0,Standard,No,0.97,1013369
,52.44,60.0,Standard,No,0.97,1013370
,52.44,0.0,,Yes,0.97,1013371
,52.44,120.0,Standard,No,0.97,1013372
,52.44,120.0,Standard,No,0.97,1013373
,52.44,90.0,Standard,No,0.97,1013375
,52.44,90.0,Standard,No,0.97,1013379
,52.44,120.0,Standard,No,0.97,1013380
,52.44,120.0,Standard,No,0.97,1013381
,52.44,37.0,Standard,No,0.97,1013382
,52.44,78.63,,Yes,0.97,1013383
,52.44,90.0,Standard,No,0.97,1013384
,52.44,30.0,Standard,No,0.97,1013385
,52.44,60.0,Standard,No,0.97,1013386
,52.44,120.0,Standard,No,0.97,1013387
,52.44,0.0,,Yes,0.97,1013388
,52.44,35.0,Standard,No,0.97,1013389
,52.44,78.63,,Yes,0.97,1013390
,52.44,60.0,Standard,No,0.97,1013391
,52.44,0.0,Standard,No,0.0,1013413
,52.44,40.0,Standard,No,0.7,1013414
,52.44,40.0,Standard,No,1.5,1013415
,52.44,40.0,Standard,No,0.3,1013416
,52.44,32.0,Standard,No,0.2,1013417
,52.44,80.0,Standard,No,0.1,1013418
,52.44,20.0,Standard,No,0.1,1013419
,52.44,60.0,Standard,No,0.0,1013420
,52.44,78.63,,Yes,0.97,1013421
,52.44,20.0,Standard,No,2.1,1013423
,52.44,24.0,Standard,No,0.0,1013424
,52.44,40.0,Standard,No,0.3,1013425
,52.44,60.0,Standard,No,0.97,1013450
,52.44,365.0,Standard,No,0.97,1013453
,52.44,62.0,Standard,No,0.97,1013454
,52.44,55.0,Standard,No,0.97,1013456
,52.44,41.0,Standard,No,0.97,1013458
,52.44,36.0,Standard,No,0.9,1013463
,52.44,40.0,Standard,No,0.5,1013464
,52.44,30.0,Standard,No,0.9,1013466
,52.44,20.0,Standard,No,0.3,1013467
,52.44,25.0,Standard,No,0.5,1013468
,52.44,40.0,Standard,No,0.1,1013469
,52.44,90.0,Standard,No,0.1,1013470
,52.44,0.0,Standard,No,0.5,1013471
,52.44,40.0,Standard,No,0.9,1013472
,52.44,30.0,Standard,Yes,0.5,1013473
,52.44,20.0,Standard,No,1.1,1013474
,52.44,10.0,Standard,Yes,1.2,1013475
,52.44,30.0,Standard,No,1.1,1013478
,52.44,60.0,Standard,Yes,3.9,1013480
,52.44,0.0,Standard,Yes,1.5,1013481
,52.44,40.0,Standard,No,0.0,1013482
,52.44,120.0,Standard,No,3.3,1013483
,52.44,196.0,Standard,No,0.97,1013484
,52.44,0.0,Outside of current engineering scope,No,0.97,1013487
,52.44,0.0,Standard,No,0.97,1013488
,52.44,48.0,Standard,No,0.97,1013489
,52.44,72.0,Standard,Yes,0.97,1013490
,52.44,35.0,Standard,No,0.97,1013492
,52.44,72.0,Standard,No,0.97,1013493
,52.44,75.0,Standard,No,0.97,1013494
,52.44,75.0,Standard,No,0.97,1013495
,52.44,75.0,Standard,No,0.97,1013497
,52.44,72.0,Standard,Yes,0.97,1013498
,52.44,0.0,Standard,Yes,0.97,1013499
,52.44,32.0,Standard,Yes,0.97,1013500
,52.44,0.0,Standard,No,0.97,1013501
,52.44,120.0,Standard,No,0.4,1013502
,52.44,15.0,Standard,No,0.0,1013503
,52.44,0.0,Standard,No,0.2,1013504
,52.44,4.0,Standard,No,0.2,1013505
,52.44,20.0,Standard,No,0.2,1013506
,52.44,15.0,Standard,No,0.2,1013507
,52.44,15.0,Standard,No,0.0,1013508
,52.44,7.0,Standard,No,1.6,1013509
,52.44,28.0,Standard,No,0.2,1013510
,52.44,70.0,Standard,No,0.97,1013540
,52.44,84.0,Standard,No,0.97,1013543
,52.44,90.0,Standard,No,0.97,1013544
,52.44,115.0,Standard,No,0.97,1013545
,52.44,89.0,Standard,No,0.97,1013546
,52.44,60.0,Standard,No,0.97,1013548
,52.44,88.0,Standard,No,0.97,1013549
,52.44,89.0,Standard,No,0.97,1013550
,52.44,99.0,Standard,No,0.97,1013551
,52.44,72.0,Standard,No,0.97,1013552
,52.44,76.0,Standard,No,0.97,1013553
,52.44,103.0,Standard,No,0.97,1013554
,52.44,15.0,Standard,No,2.7,1013558
,52.44,20.0,Standard,No,0.4,1013559
,52.44,25.0,Standard,No,2.1,1013560
,52.44,0.0,Standard,No,0.5,1013562
,52.44,0.0,Standard,No,1.5,1013563
,52.44,15.0,Standard,No,0.5,1013564
,52.44,25.0,Standard,No,1.5,1013565
,52.44,60.0,Standard,No,0.7,1013566
Suspension Bridge,46.0,90.0,Standard,No,0.1,1013567
,52.44,16.0,Standard,No,2.3,1013569
,52.44,60.0,Standard,No,0.4,1013571
,52.44,100.0,Standard,No,0.2,1013572
,52.44,100.0,Standard,No,0.2,1013573
,52.44,15.0,Standard,No,0.2,1013574
,52.44,30.0,Standard,No,0.2,1013575
,52.44,30.0,Standard,No,0.0,1013577
,52.44,10.0,Standard,No,0.0,1013578
,52.44,30.0,Standard,No,0.8,1013579
,52.44,30.0,Standard,No,0.6,1013580
,52.44,28.0,Standard,No,0.97,1013595
,52.44,0.0,,Yes,0.97,1013596
,52.44,36.0,Standard,No,0.97,1013599
,52.44,48.0,Standard,No,0.97,1013601
,52.44,46.0,Standard,No,0.97,1013603
,52.44,28.0,Standard,No,0.97,1013605
,52.44,140.0,Standard,No,0.5,1013611
,52.44,30.0,Standard,No,4.7,1013612
,52.44,90.0,Standard,No,0.3,1013613
,52.44,20.0,Standard,No,5.7,1013614
,52.44,60.0,Standard,No,0.97,1013618
,52.44,0.0,Standard,Yes,0.97,1013619
,52.44,92.0,Standard,No,0.97,1013620
,52.44,0.0,Standard,No,0.97,1013621
,52.44,0.0,Standard,No,0.97,1013622
,52.44,28.0,Standard,No,0.97,1013624
,52.44,28.0,Standard,No,0.97,1013625
,52.44,46.0,Standard,No,0.97,1013627
,52.44,365.0,Standard,No,0.97,1013629
,52.44,28.0,Standard,No,0.97,1013630
,52.44,365.0,Standard,No,0.97,1013631
,52.44,28.0,Standard,No,0.97,1013633
,52.44,28.0,Standard,No,0.97,1013634
,52.44,28.0,Standard,No,0.97,1013635
,52.44,28.0,Standard,No,0.97,1013636
,52.44,28.0,Standard,No,0.97,1013637
,52.44,28.0,Standard,No,0.97,1013638
,52.44,28.0,Standard,No,0.97,1013640
,52.44,28.0,Standard,No,0.97,1013643
,52.44,28.0,Standard,No,0.97,1013644
,52.44,28.0,Standard,No,0.97,1013649
,52.44,28.0,Standard,No,0.97,1013650
,52.44,28.0,Standard,No,0.97,1013651
,52.44,40.0,Standard,No,0.97,1013653
,52.44,28.0,Standard,No,0.97,1013655
,52.44,36.0,Standard,No,0.97,1013656
,52.44,28.0,Standard,No,0.97,1013657
,52.44,28.0,Standard,No,0.97,1013659
,52.44,28.0,Standard,No,0.97,1013660
,52.44,365.0,Standard,No,0.97,1013664
,52.44,46.0,Standard,No,0.97,1013666
,52.44,40.0,Standard,No,0.97,1013667
,52.44,26.0,Standard,No,0.97,1013669
,52.44,36.0,Standard,No,0.97,1013671
,52.44,28.0,Standard,No,0.97,1013674
,52.44,36.0,Standard,No,0.97,1013675
,52.44,40.0,Standard,No,0.97,1013676
,52.44,46.0,Standard,No,0.97,1013677
,52.44,36.0,Standard,No,0.97,1013679
,52.44,25.0,Standard,No,0.97,1013681
,52.44,36.0,Standard,No,0.97,1013682
,52.44,49.0,Standard,No,0.97,1013684
,52.44,36.0,Standard,No,0.97,1013685
,52.44,36.0,Standard,No,0.97,1013686
,52.44,78.63,,Yes,0.97,1013688
,52.44,36.0,Standard,No,0.97,1013689
,52.44,28.0,Standard,No,0.97,1013690
,52.44,10.0,Standard,No,0.97,1013691
,52.44,90.0,Standard,Yes,0.97,1013693
,52.44,96.0,Standard,No,0.97,1013694
,52.44,75.0,Outside of current engineering scope,Yes,0.97,1013695
,52.44,90.0,Standard,No,0.97,1013697
,52.44,60.0,Standard,No,1.1,1013699
,52.44,45.0,Standard,No,0.1,1013702
,52.44,90.0,Standard,No,0.5,1013703
,52.44,86.0,Standard,No,0.97,1013704
,52.44,86.0,Standard,Yes,0.97,1013705
,52.44,96.0,Standard,No,0.97,1013706
,52.44,12.0,Standard,No,0.97,1013707
,52.44,36.0,Standard,No,0.97,1013708
,52.44,36.0,Standard,No,0.97,1013709
,52.44,123.0,Standard,No,0.97,1013710
,52.44,0.0,Standard,Yes,0.97,1013711
,52.44,100.0,Standard,No,0.97,1013712
,52.44,78.0,Standard,No,0.97,1013713
,52.44,127.0,Standard,No,0.97,1013714
,52.44,20.0,Standard,No,2.3,1013715
,52.44,45.0,Standard,No,0.1,1013716
,52.44,88.0,Standard,No,0.97,1013720
,52.44,60.0,Standard,Yes,0.7,1013722
,52.44,60.0,Standard,No,0.2,1013725
,52.44,0.0,Standard,No,0.0,1013726
,52.44,20.0,Standard,No,0.2,1013727
,52.44,6.0,Standard,No,0.2,1013728
,52.44,70.0,Standard,No,0.8,1013729
,52.44,60.0,Standard,No,0.0,1013730
,52.44,10.0,Standard,No,0.0,1013731
,52.44,60.0,Standard,No,0.5,1013732
,52.44,14.0,Standard,No,0.2,1013733
,52.44,0.0,Standard,No,0.2,1013734
,52.44,60.0,Standard,No,0.97,1013745
,52.44,90.0,Standard,No,0.97,1013746
,52.44,30.0,Standard,No,0.97,1013748
,52.44,78.63,,Yes,0.97,1013749
,52.44,150.0,Standard,No,0.97,1013750
,52.44,120.0,Standard,No,0.97,1013751
,52.44,120.0,Standard,No,0.97,1013752
,52.44,90.0,Standard,No,0.97,1013753
,52.44,45.0,Standard,No,0.97,1013754
,52.44,90.0,Standard,No,0.97,1013755
,52.44,78.63,,Yes,0.97,1013756
,52.44,90.0,Standard,No,0.97,1013757
,52.44,78.63,,Yes,0.97,1013758
,52.44,120.0,Standard,No,0.97,1013759
,52.44,120.0,Standard,No,0.97,1013763
,52.44,78.63,,Yes,0.97,1013764
,52.44,90.0,Standard,No,0.97,1013772
,52.44,89.0,Standard,No,0.97,1013775
,52.44,78.0,Standard,No,0.97,1013778
,52.44,60.0,Standard,No,0.97,1013779
,52.44,70.0,Standard,No,0.97,1013780
,52.44,65.0,Standard,No,0.97,1013781
,52.44,78.0,Standard,No,0.97,1013782
,52.44,78.0,Standard,No,0.97,1013783
,52.44,78.63,,Yes,0.97,1013784
,52.44,58.0,Standard,No,0.97,1013785
,52.44,36.0,Standard,No,0.97,1013787
,52.44,365.0,Standard,No,0.97,1013788
,52.44,36.0,Standard,No,0.97,1013789
,52.44,0.0,Standard,Yes,0.97,1013790
,52.44,36.0,Standard,No,0.97,1013791
,52.44,46.0,Standard,No,0.97,1013793
,52.44,46.0,Standard,No,0.97,1013794
,52.44,36.0,Standard,No,0.97,1013795
,52.44,78.63,Standard,No,0.97,1013796
,52.44,36.0,Standard,No,0.97,1013797
,52.44,36.0,Standard,No,0.97,1013798
,52.44,36.0,Standard,No,0.97,1013799
,52.44,36.0,Standard,No,0.97,1013800
,52.44,15.0,Standard,No,0.97,1013801
,52.44,36.0,Standard,No,0.97,1013802
,52.44,0.0,Standard,Yes,0.97,1013803
,52.44,60.0,Standard,No,1.6,1013804
,52.44,90.0,Standard,No,0.2,1013807
,52.44,60.0,Standard,No,0.4,1013808
,52.44,0.0,Standard,Yes,0.6,1013809
,52.44,30.0,Standard,No,0.2,1013810
,52.44,120.0,Standard,No,0.2,1013811
,52.44,30.0,Standard,No,0.2,1013812
,52.44,150.0,Standard,No,0.2,1013813
,52.44,0.0,Standard,Yes,0.97,1013828
,52.44,78.63,Outside of current engineering scope,Yes,0.97,1013829
,52.44,135.0,Standard,Yes,0.97,1013830
,52.44,120.0,Standard,No,0.97,1013831
,52.44,112.0,Standard,No,0.97,1013832
,52.44,112.0,Standard,No,0.97,1013833
,52.44,78.63,,Yes,0.97,1013834
,52.44,96.0,Standard,No,0.97,1013835
,52.44,0.0,Standard,Yes,0.97,1013836
,52.44,160.0,Standard,No,0.97,1013837
,52.44,78.63,Standard,No,0.97,1013838
,52.44,120.0,Standard,No,0.97,1013839
,52.44,120.0,Standard,Yes,0.97,1013840
,52.44,16.0,Standard,No,0.3,1013846
,52.44,40.0,Standard,No,0.7,1013862
,52.44,78.63,,Yes,0.97,1013864
,52.44,55.0,Standard,No,0.97,1013865
,52.44,119.0,Standard,No,0.97,1013868
,52.44,78.63,Standard,Yes,2.5,1013869
,52.44,78.63,,Yes,0.97,1013870
,52.44,78.0,Standard,No,0.97,1013871
,52.44,57.0,Standard,No,0.97,1013872
,52.44,52.0,Standard,No,0.97,1013874
,52.44,30.0,Standard,No,2.6,1013876
,52.44,35.0,Standard,No,0.7,1013877
,52.44,60.0,Standard,No,0.1,1013878
,52.44,60.0,Standard,No,1.8,1013879
,52.44,78.63,,Yes,0.97,1013880
,52.44,15.0,Standard,No,2.1,1013881
,52.44,10.0,Standard,No,0.1,1013882
,52.44,20.0,Standard,No,0.7,1013883
,52.44,60.0,Standard,No,2.7,1013884
,52.44,10.0,Standard,No,0.3,1013885
,52.44,40.0,Standard,No,1.1,1013887
,52.44,40.0,Standard,No,1.3,1013888
,52.44,60.0,Standard,No,5.3,1013889
,52.44,60.0,Standard,No,0.7,1013890
,52.44,40.0,Standard,No,0.9,1013891
,52.44,45.0,Standard,No,1.5,1013893
,52.44,30.0,Standard,No,5.5,1013896
,52.44,70.0,Standard,No,0.9,1013897
,52.44,10.0,Standard,No,0.1,1013900
,52.44,60.0,Requires additional engineering,No,3.9,1013901
,52.44,70.0,Standard,No,0.5,1013902
,52.44,78.63,Standard,Yes,0.3,1013903
,52.44,78.63,,Yes,0.97,1013904
,52.44,20.0,Standard,No,0.2,1013905
,52.44,60.0,Standard,No,3.0,1013909
,52.44,60.0,Standard,No,1.2,1013910
,52.44,60.0,Standard,No,3.4,1013911
,52.44,365.0,Standard,No,0.6,1013912
,52.44,150.0,Standard,No,0.2,1013913
,52.44,90.0,Standard,No,0.2,1013914
,52.44,365.0,Standard,No,0.2,1013915
,52.44,60.0,Standard,No,1.0,1013916
,52.44,21.0,Standard,No,1.6,1013917
,52.44,30.0,Standard,No,0.8,1013918
,52.44,120.0,Standard,No,0.0,1013919
,52.44,90.0,Standard,No,0.4,1013920
,52.44,365.0,Standard,No,0.8,1013921
,52.44,180.0,Standard,No,0.2,1013922
,52.44,180.0,Standard,No,0.4,1013923
,52.44,60.0,Standard,No,0.4,1013924
,52.44,30.0,Standard,No,0.8,1013925
,52.44,21.0,Standard,No,1.8,1013926
,52.44,98.0,Standard,No,0.97,1013966
,52.44,0.0,Standard,Yes,0.97,1013967
,52.44,0.0,Requires additional engineering,Yes,0.97,1013968
,52.44,65.0,Standard,No,0.97,1013969
,52.44,0.0,Standard,No,0.97,1013970
,52.44,68.0,Standard,No,0.97,1013971
,52.44,0.0,Standard,Yes,0.97,1013972
,52.44,56.0,Standard,No,0.97,1013973
,52.44,0.0,Requires additional engineering,No,0.97,1013974
,52.44,0.0,Requires additional engineering,No,0.97,1013975
,52.44,36.0,Standard,Yes,0.97,1013976
,52.44,32.0,Standard,No,0.97,1013977
,52.44,48.0,Standard,No,0.97,1013978
,52.44,30.0,Standard,No,0.2,1013979
,52.44,90.0,Standard,No,0.2,1013980
,52.44,90.0,Standard,No,2.4,1013981
,52.44,90.0,Standard,No,2.0,1013982
,52.44,90.0,Standard,No,1.4,1013983
,52.44,365.0,Standard,No,0.8,1013984
,52.44,60.0,Standard,No,0.2,1013985
,52.44,365.0,Standard,No,0.6,1013986
,52.44,30.0,Standard,No,1.6,1013987
,52.44,30.0,Standard,No,0.2,1013988
,52.44,365.0,Standard,No,1.4,1013989
,52.44,180.0,Standard,No,1.0,1013990
,52.44,180.0,Standard,No,1.4,1013991
,52.44,365.0,Standard,No,0.8,1013992
,52.44,0.0,Standard,No,0.97,1013993
,52.44,0.0,Standard,Yes,0.97,1013994
,52.44,0.0,Requires additional engineering,No,0.97,1013995
,52.44,38.0,Standard,No,0.97,1013996
,52.44,43.0,Standard,No,0.97,1014004
,52.44,40.0,Standard,Yes,0.97,1014005
,52.44,365.0,Standard,No,0.97,1014007
,52.44,45.0,Standard,No,1.7,1014008
,52.44,57.0,Standard,No,0.5,1014009
,52.44,90.0,Standard,No,0.3,1014010
,52.44,0.0,Standard,No,0.7,1014012
,52.44,3.0,Standard,No,2.1,1014013
,52.44,0.0,Standard,No,1.7,1014014
,52.44,5.0,Standard,No,0.4,1014015
,52.44,0.0,,Yes,0.97,1014016
,52.44,18.0,Standard,Yes,0.7,1014017
,52.44,0.0,,Yes,0.97,1014018
,52.44,365.0,Standard,No,1.2,1014019
,52.44,10.0,Standard,No,2.9,1014020
,52.44,60.0,Standard,No,0.1,1014021
,52.44,15.0,Standard,No,1.2,1014022
,52.44,20.0,Standard,No,0.3,1014023
,52.44,365.0,Standard,No,0.9,1014024
,52.44,0.0,Standard,No,0.97,1014025
,52.44,78.63,,Yes,0.97,1014029
,52.44,36.0,Standard,No,4.4,1014030
,52.44,38.0,Standard,No,1.0,1014032
,52.44,60.0,Standard,No,5.5,1014033
,52.44,55.0,Standard,No,0.3,1014034
,52.44,45.0,Standard,No,4.8,1014035
,52.44,55.0,Standard,No,0.1,1014036
,52.44,44.0,Standard,No,1.7,1014037
,52.44,36.0,Standard,Yes,0.97,1014040
,52.44,15.0,Standard,Yes,0.97,1014041
Concrete (11 - 20m),52.44,26.0,Standard,No,0.97,1014042
,52.44,36.0,Standard,No,0.97,1014043
,52.44,76.0,Standard,No,0.97,1014044
,52.44,48.0,Standard,No,0.97,1014045
,52.44,40.0,Standard,No,0.97,1014046
,52.44,52.0,Standard,No,0.7,1014048
,52.44,80.0,Standard,No,0.7,1014049
,52.44,180.0,Standard,No,0.97,1014050
,52.44,75.0,Standard,No,2.3,1014051
,52.44,122.0,Standard,No,0.97,1014053
,52.44,96.0,Standard,No,0.97,1014055
,52.44,30.0,Standard,No,0.0,1014057
,52.44,30.0,Standard,No,0.97,1014058
,52.44,48.0,Standard,No,1.7,1014060
,52.44,35.0,Standard,No,1.0,1014062
,52.44,32.0,Standard,No,1.8,1014070
,52.44,113.0,Standard,No,0.97,1014071
,52.44,128.0,Standard,No,0.97,1014073
,52.44,40.0,Standard,No,2.5,1014074
,52.44,121.0,Requires additional engineering,No,0.97,1014077
,52.44,126.0,Standard,No,0.97,1014078
,52.44,98.0,Standard,No,0.97,1014079
,52.44,86.0,Standard,No,0.97,1014080
,52.44,116.0,Standard,No,0.97,1014081
,52.44,78.63,Standard,Yes,0.97,1014084
,52.44,46.0,Standard,No,0.97,1014085
,52.44,36.0,Standard,No,0.97,1014086
,52.44,56.0,Standard,No,0.97,1014087
,52.44,46.0,Standard,No,0.97,1014088
,52.44,78.63,Standard,Yes,0.97,1014089
,52.44,78.63,Standard,Yes,0.97,1014090
,52.44,26.0,Standard,No,0.97,1014092
,52.44,365.0,Standard,No,0.97,1014093
,52.44,0.0,Standard,Yes,0.97,1014096
,52.44,36.0,Standard,No,0.97,1014097
,52.44,46.0,Standard,No,0.97,1014098
,52.44,46.0,Standard,No,0.97,1014100
,52.44,365.0,Standard,No,0.97,1014101
,52.44,36.0,Standard,No,0.97,1014102
,52.44,365.0,Standard,No,2.8,1014103
,52.44,0.0,Standard,No,0.6,1014105
,52.44,14.0,Standard,No,0.0,1014106
,52.44,14.0,Standard,No,0.4,1014107
,52.44,90.0,Standard,No,0.2,1014108
,52.44,30.0,Standard,Yes,0.97,1014109
,52.44,78.63,,Yes,0.97,1014112
,52.44,150.0,Standard,No,0.97,1014113
,52.44,78.63,,Yes,0.97,1014114
,52.44,78.63,,Yes,0.97,1014115
,52.44,78.63,,Yes,0.97,1014116
,52.44,150.0,Standard,No,0.97,1014117
,52.44,97.0,Standard,No,0.97,1014120
,52.44,37.0,Standard,No,0.97,1014121
,52.44,60.0,Standard,No,0.97,1014122
,52.44,120.0,Standard,No,0.97,1014124
,52.44,60.0,Standard,No,0.97,1014125
,52.44,30.0,Standard,No,0.97,1014126
,52.44,97.0,Standard,No,0.97,1014131
,52.44,60.0,Standard,No,0.97,1014137
,52.44,60.0,Standard,No,0.97,1014139
,52.44,90.0,Standard,No,0.97,1014140
,52.44,30.0,Standard,No,0.97,1014142
,52.44,60.0,Standard,No,0.97,1014143
,52.44,90.0,Standard,No,0.97,1014144
,52.44,90.0,Standard,No,0.97,1014148
,52.44,40.0,Standard,No,0.97,1014154
,52.44,78.63,,Yes,0.97,1014155
,52.44,40.0,Standard,No,0.97,1014156
,52.44,78.63,,Yes,0.97,1014159
,52.44,90.0,Standard,No,0.97,1014161
,52.44,0.0,,Yes,0.97,1014165
,52.44,78.63,,Yes,0.97,1014166
,52.44,40.0,Standard,No,0.97,1014167
,52.44,31.0,Standard,No,0.97,1014168
,52.44,64.0,Standard,Yes,0.97,1014169
,52.44,0.0,Requires additional engineering,Yes,0.97,1014238
,52.44,90.0,Standard,Yes,0.97,1014239
,52.44,125.0,Outside of current engineering scope,Yes,0.97,1014241
,52.44,0.0,Standard,Yes,0.97,1014242
,52.44,365.0,Standard,No,0.4,1014243
,52.44,90.0,Standard,No,0.4,1014244
,52.44,21.0,Standard,No,1.6,1014245
,52.44,14.0,Standard,No,0.2,1014246
,52.44,90.0,Standard,No,0.2,1014247
,52.44,210.0,Standard,No,0.2,1014248
,52.44,365.0,Standard,No,0.8,1014249
,52.44,365.0,Standard,No,0.6,1014251
,52.44,180.0,Standard,No,0.0,1014252
,52.44,30.0,Standard,No,0.6,1014253
,52.44,0.0,Standard,Yes,0.97,1014254
,52.44,365.0,Standard,No,1.6,1014255
,52.44,0.0,Standard,Yes,0.97,1014256
,52.44,0.0,Standard,Yes,0.97,1014257
,52.44,0.0,Requires additional engineering,Yes,0.97,1014258
,52.44,0.0,Standard,Yes,0.97,1014259
,52.44,90.0,Standard,No,0.2,1014260
,52.44,0.0,Standard,Yes,0.97,1014261
,52.44,0.0,Standard,Yes,0.97,1014262
,52.44,0.0,Standard,Yes,0.97,1014263
,52.44,90.0,Standard,No,0.97,1014264
,52.44,120.0,Standard,No,0.97,1014265
,52.44,90.0,Outside of current engineering scope,Yes,0.97,1014266
,52.44,90.0,Standard,No,0.97,1014267
,52.44,120.0,Requires additional engineering,No,0.97,1014268
,52.44,190.0,Standard,No,0.97,1014270
,52.44,0.0,Standard,Yes,0.97,1014271
,52.44,120.0,Standard,No,0.97,1014272
,52.44,0.0,Standard,No,0.97,1014273
,52.44,36.0,Standard,No,0.97,1014274
,52.44,36.0,Standard,No,0.97,1014275
,52.44,36.0,Standard,No,0.97,1014276
,52.44,53.0,Standard,No,0.97,1014277
,52.44,12.0,Standard,No,0.97,1014278
,52.44,36.0,Standard,No,0.97,1014279
,52.44,45.0,Standard,No,0.97,1014280
,52.44,46.0,Standard,No,0.97,1014281
,52.44,36.0,Standard,Yes,0.97,1014282
,52.44,365.0,Standard,No,0.97,1014284
,52.44,16.0,Standard,No,0.97,1014285
,52.44,36.0,Standard,No,0.97,1014286
,52.44,10.0,Standard,No,0.97,1014287
,52.44,78.63,Standard,Yes,0.97,1014288
,52.44,78.63,Standard,Yes,0.97,1014289
,52.44,365.0,Standard,No,0.97,1014291
,52.44,46.0,Standard,No,0.97,1014294
,52.44,36.0,Standard,No,0.97,1014295
,52.44,46.0,Standard,No,0.97,1014296
,52.44,36.0,Standard,No,0.97,1014297
,52.44,46.0,Standard,No,0.97,1014298
,52.44,46.0,Standard,No,0.97,1014300
,52.44,56.0,Standard,No,0.97,1014301
,52.44,36.0,Standard,No,0.97,1014302
,52.44,46.0,Standard,No,0.97,1014303
,52.44,36.0,Standard,No,0.97,1014304
,52.44,56.0,Standard,No,0.97,1014305
,52.44,36.0,Standard,No,0.97,1014306
,52.44,46.0,Standard,No,0.97,1014307
,52.44,70.0,Standard,No,0.7,1014309
,52.44,78.63,Outside of current engineering scope,Yes,0.97,1014311
,52.44,78.63,Standard,Yes,0.3,1014313
,52.44,365.0,Standard,No,0.7,1014314
,52.44,10.0,Standard,No,0.9,1014315
,52.44,365.0,Standard,No,0.3,1014316
,52.44,58.0,Standard,No,0.3,1014319
,52.44,90.0,Standard,No,1.1,1014320
,52.44,20.0,Standard,No,1.1,1014321
,52.44,78.63,,Yes,0.97,1014323
,52.44,78.63,,Yes,0.97,1014324
,52.44,49.0,Standard,No,0.7,1014325
,52.44,15.0,Standard,No,0.3,1014326
,52.44,78.63,,Yes,0.97,1014327
,52.44,30.0,Standard,No,0.5,1014328
,52.44,365.0,Standard,No,1.1,1014329
,52.44,78.63,,Yes,0.97,1014331
,52.44,30.0,Standard,No,0.97,1014332
,52.44,365.0,Standard,No,0.5,1014333
,52.44,30.0,Standard,No,0.3,1014334
,52.44,15.0,Standard,No,1.7,1014336
,52.44,0.0,,Yes,0.97,1014337
,52.44,0.0,,Yes,0.97,1014338
,52.44,5.0,Standard,No,0.5,1014339
,52.44,0.0,,Yes,0.97,1014340
,52.44,181.0,Standard,No,0.97,1014345
,52.44,201.0,Standard,No,0.97,1014346
,52.44,98.0,Standard,No,0.97,1014347
,52.44,119.0,Standard,No,0.97,1014348
,52.44,365.0,Standard,No,0.97,1014349
,52.44,92.0,Standard,No,0.97,1014350
,52.44,72.0,Standard,No,0.97,1014351
,52.44,365.0,Standard,No,0.97,1014352
,52.44,58.0,Standard,No,0.97,1014353
,52.44,240.0,Standard,No,0.97,1014354
,52.44,151.0,Standard,No,0.97,1014355
,52.44,240.0,Standard,No,0.97,1014356
,52.44,62.0,Standard,No,0.97,1014357
,52.44,198.0,Standard,No,0.97,1014358
,52.44,120.0,Standard,No,0.97,1014359
,52.44,99.0,Standard,No,0.97,1014360
,52.44,48.0,Standard,No,0.97,1014361
,52.44,106.0,Standard,No,0.97,1014362
,52.44,200.0,Standard,No,0.97,1014363
,52.44,89.0,Standard,No,0.97,1014364
,52.44,138.0,Standard,No,0.97,1014365
,52.44,188.0,Standard,No,0.97,1014366
,52.44,231.0,Standard,No,0.97,1014367
,52.44,210.0,Standard,No,0.97,1014368
,52.44,123.0,Standard,No,0.97,1014369
,52.44,85.0,Standard,Yes,0.97,1014370
,52.44,98.0,Standard,No,0.97,1014371
,52.44,78.63,Standard,No,0.1,1014373
,52.44,50.0,Standard,No,0.0,1014377
,52.44,60.0,Standard,No,1.3,1014378
,52.44,90.0,Standard,No,1.9,1014379
,52.44,70.0,Standard,No,0.5,1014380
,52.44,75.0,Standard,No,0.5,1014381
,52.44,45.0,Standard,No,2.3,1014382
,52.44,84.0,Standard,No,1.0,1014383
,52.44,84.0,Standard,No,1.7,1014384
,52.44,60.0,Standard,No,0.0,1014385
,52.44,78.63,Standard,No,0.97,1014387
,52.44,30.0,Standard,No,0.0,1014388
,52.44,30.0,Standard,No,0.97,1014389
,52.44,37.0,Standard,No,0.97,1014390
,52.44,47.0,Standard,No,0.97,1014391
,52.44,60.0,Standard,No,0.97,1014392
,52.44,21.0,Standard,No,0.97,1014393
,52.44,21.0,Standard,No,0.97,1014394
,52.44,21.0,Standard,No,0.97,1014395
,52.44,37.0,Standard,No,0.97,1014396
,52.44,30.0,Standard,Yes,0.97,1014397
,52.44,78.63,,Yes,0.97,1014398
,52.44,78.63,,Yes,0.97,1014399
,52.44,21.0,Standard,No,0.97,1014400
,52.44,78.63,,Yes,0.97,1014401
,52.44,78.63,,Yes,0.97,1014402
,52.44,78.63,,Yes,0.97,1014403
,52.44,31.0,Standard,No,0.97,1014404
,52.44,120.0,Standard,No,0.97,1014405
,52.44,30.0,Standard,No,0.97,1014407
,52.44,50.0,Standard,No,0.3,1014408
,52.44,21.0,Standard,No,0.97,1014409
,52.44,78.63,,Yes,0.97,1014410
,52.44,28.0,Standard,No,0.97,1014411
,52.44,96.0,Standard,No,0.97,1014412
,52.44,14.0,,Yes,0.97,1014413
,52.44,14.0,Standard,No,0.97,1014414
,52.44,87.0,Standard,No,0.97,1014415
,52.44,48.0,Standard,No,0.97,1014416
,52.44,90.0,Standard,No,0.97,1014417
,52.44,78.63,,Yes,0.97,1014418
,52.44,61.0,Standard,No,0.97,1014419
,52.44,21.0,Standard,Yes,0.97,1014420
,52.44,60.0,Standard,No,0.5,1014421
,52.44,60.0,Standard,No,0.7,1014422
,52.44,90.0,Standard,No,0.3,1014423
,52.44,56.0,Standard,No,0.0,1014424
,52.44,90.0,Standard,No,0.0,1014425
,52.44,120.0,Standard,No,0.2,1014426
,52.44,75.0,Standard,No,0.0,1014427
,52.44,120.0,Standard,No,0.3,1014428
,52.44,80.0,Standard,No,0.9,1014429
,52.44,120.0,Standard,No,0.4,1014430
,52.44,140.0,Standard,No,0.0,1014431
,52.44,140.0,Standard,No,0.5,1014432
,52.44,105.0,Standard,No,0.2,1014433
,52.44,140.0,Standard,No,0.5,1014434
,52.44,40.0,Standard,No,0.6,1014435
,52.44,0.0,Standard,Yes,0.97,1014436
,52.44,0.0,Standard,Yes,0.97,1014437
,52.44,0.0,Outside of current engineering scope,Yes,0.97,1014438
,52.44,86.0,Standard,No,0.97,1014439
,52.44,86.0,Standard,No,0.97,1014440
,52.44,86.0,Standard,No,0.97,1014441
,52.44,0.0,Standard,Yes,0.97,1014442
,52.44,0.0,Standard,Yes,0.97,1014443
,52.44,30.0,Standard,No,0.97,1014444
,52.44,30.0,Standard,No,0.97,1014445
,52.44,78.63,Standard,No,0.97,1014446
,52.44,78.63,,Yes,0.97,1014447
,52.44,0.0,Requires additional engineering,Yes,0.97,1014448
,52.44,36.0,Standard,No,0.97,1014449
,52.44,120.0,Standard,No,0.97,1014450
,52.44,19.0,Standard,No,0.97,1014451
,52.44,78.63,,Yes,0.97,1014452
,52.44,10.0,Standard,No,0.9,1014461
,52.44,46.0,Standard,No,0.97,1014462
,52.44,15.0,Standard,No,0.3,1014463
,52.44,78.63,,Yes,0.97,1014464
,52.44,365.0,,Yes,0.97,1014465
,52.44,78.63,,Yes,0.97,1014466
,52.44,78.63,,Yes,0.97,1014467
,52.44,78.63,,Yes,0.97,1014468
,52.44,28.0,Standard,No,0.3,1014469
,52.44,78.63,,Yes,0.97,1014470
,52.44,36.0,Standard,No,0.97,1014472
,52.44,76.0,Standard,No,0.97,1014473
,52.44,10.0,Standard,No,0.5,1014474
,52.44,0.0,,Yes,0.97,1014475
,52.44,0.0,,Yes,0.97,1014476
,52.44,20.0,Standard,No,0.97,1014477
,52.44,46.0,Standard,No,0.97,1014478
,52.44,37.0,Standard,No,0.97,1014479
,52.44,46.0,Standard,No,0.97,1014480
,52.44,46.0,Standard,No,0.97,1014481
,52.44,46.0,Standard,No,0.97,1014482
,52.44,78.63,,Yes,0.97,1014483
,52.44,78.63,,Yes,0.97,1014484
,52.44,78.63,,Yes,0.97,1014485
,52.44,78.63,,Yes,0.97,1014486
,52.44,46.0,Standard,No,0.97,1014487
,52.44,35.0,Standard,No,2.3,1014490
,52.44,45.0,Standard,No,1.3,1014491
,52.44,80.0,Standard,No,0.3,1014492
,52.44,78.63,,Yes,0.97,1014493
,52.44,60.0,Standard,No,0.2,1014494
,52.44,78.63,,Yes,0.97,1014495
,52.44,90.0,Standard,Yes,0.97,1014497
,52.44,0.0,Standard,Yes,0.97,1014498
,52.44,0.0,Standard,Yes,0.97,1014499
,52.44,0.0,Standard,Yes,0.97,1014500
,52.44,0.0,Standard,Yes,0.97,1014502
,52.44,0.0,Standard,Yes,0.97,1014503
,52.44,0.0,Outside of current engineering scope,Yes,0.97,1014504
,52.44,0.0,Requires additional engineering,No,0.97,1014505
,52.44,0.0,Standard,No,0.97,1014506
,52.44,0.0,Standard,No,0.97,1014507
,52.44,0.0,Standard,No,0.97,1014508
,52.44,35.0,Standard,No,0.6,1014509
,52.44,80.0,Standard,No,0.2,1014511
,52.44,56.0,Standard,No,0.0,1014512
,52.44,30.0,Standard,No,0.8,1014532
,52.44,30.0,Standard,No,0.2,1014533
,52.44,365.0,Standard,No,0.8,1014534
,52.44,365.0,Standard,No,0.2,1014535
,52.44,365.0,Standard,No,0.0,1014536
,52.44,15.0,Standard,No,0.0,1014537
,52.44,0.0,Standard,No,0.0,1014538
,52.44,365.0,Standard,No,1.0,1014539
,52.44,0.0,Standard,No,0.2,1014540
,52.44,365.0,Standard,No,0.2,1014541
,52.44,30.0,Standard,No,0.2,1014542
,52.44,14.0,Standard,No,0.6,1014543
,52.44,0.0,Requires additional engineering,Yes,0.97,1014550
,52.44,0.0,Standard,No,0.97,1014551
,52.44,0.0,Requires additional engineering,No,0.97,1014552
,52.44,30.0,Requires additional engineering,No,0.97,1014553
,52.44,0.0,,Yes,0.97,1014557
,52.44,0.0,,Yes,0.97,1014558
,52.44,224.0,Standard,No,0.97,1014559
,52.44,78.63,,Yes,0.97,1014560
,52.44,60.0,Standard,No,0.97,1014561
,52.44,84.0,Standard,No,0.97,1014562
,52.44,300.0,Standard,No,0.97,1014563
,52.44,78.63,,Yes,0.97,1014564
,52.44,0.0,Standard,No,0.97,1014565
,52.44,0.0,Standard,Yes,0.97,1014566
,52.44,50.0,Outside of current engineering scope,Yes,0.97,1014567
,52.44,105.0,Requires additional engineering,No,0.0,1014568
,52.44,78.63,,Yes,0.97,1014569
,52.44,70.0,Standard,No,0.0,1014570
,52.44,105.0,Standard,No,1.7,1014571
,52.44,365.0,Standard,No,0.97,1014594
,52.44,365.0,Standard,Yes,0.97,1014595
,52.44,14.0,Standard,No,0.97,1014596
,52.44,46.0,Standard,No,0.97,1014597
,52.44,78.63,,Yes,0.97,1014598
,52.44,78.63,,Yes,0.97,1014599
,52.44,78.63,,Yes,0.97,1014600
,52.44,61.0,Standard,No,0.97,1014602
,52.44,21.0,Standard,No,0.97,1014603
,52.44,78.63,,Yes,0.97,1014604
,52.44,78.63,,Yes,0.97,1014605
,52.44,12.0,,Yes,0.97,1014606
,52.44,32.0,Standard,No,0.97,1014607
,52.44,31.0,Standard,No,0.97,1014608
,52.44,21.0,Standard,No,0.97,1014609
,52.44,43.0,Standard,No,0.97,1014610
,52.44,23.0,Standard,No,0.97,1014611
,52.44,40.0,Standard,No,0.97,1014612
,52.44,124.0,Standard,No,0.97,1014613
,52.44,90.0,Standard,No,0.97,1014614
,52.44,37.0,Standard,No,0.97,1014616
,52.44,78.63,,Yes,0.97,1014618
,52.44,32.0,Standard,No,0.9,1014619
,52.44,60.0,Standard,No,0.97,1014792
,52.44,90.0,Standard,No,0.2,1014793
Suspended Bridge,112.0,365.0,,No,0.97,1021924
,52.44,78.63,,No,0.97,1022386
Suspension Bridge,52.0,1.0,Standard,,0.97,1007400
Suspension Bridge,120.0,90.0,Requires additional engineering,No,0.3,1007481
Suspended Bridge,135.0,35.0,Standard,No,0.97,1012951
Other,90.0,50.0,Standard,No,0.2,1014031
Suspended Bridge,104.0,280.0,Standard,No,0.97,1014056
Suspended Bridge,46.0,270.0,Standard,No,0.97,1014069
Other,97.0,240.0,Standard,No,0.97,1015561
